ticker,empresa,sector,subsector,fecha_actualizacion
MMM,3M,Industrials,Industrial Conglomerates,2026-10-02
AOS,A. O. Smith,Industrials,Building Products,2026-10-02
ABT,Abbott Laboratories,Health Care,Health Care Equipment,2026-10-02
ABBV,AbbVie,Health Care,Biotechnology,2026-10-02
ACN,Accenture,Information Technology,IT Consulting & Other Services,2026-10-02
ADBE,Adobe Inc.,Information Technology,Application Software,2026-10-02
AMD,Advanced Micro Devices,Information Technology,Semiconductors,2026-10-02
AES,AES Corporation,Utilities,Independent Power Producers & Energy Traders,2026-10-02
AFL,Aflac,Financials,Life & Health Insurance,2026-10-02
A,Agilent Technologies,Health Care,Life Sciences Tools & Services,2026-10-02
APD,Air Products,Materials,Industrial Gases,2026-10-02
ABNB,Airbnb,Consumer Discretionary,"Hotels, Resorts & Cruise Lines",2026-10-02
AKAM,Akamai Technologies,Information Technology,Internet Services & Infrastructure,2026-10-02
ALB,Albemarle Corporation,Materials,Specialty Chemicals,2026-10-02
ARE,Alexandria Real Estate Equities,Real Estate,Office REITs,2026-10-02
ALGN,Align Technology,Health Care,Health Care Supplies,2026-10-02
ALLE,Allegion,Industrials,Building Products,2026-10-02
LNT,Alliant Energy,Utilities,Electric Utilities,2026-10-02
ALL,Allstate,Financials,Property & Casualty Insurance,2026-10-02
GOOGL,Alphabet Inc. (Class A),Communication Services,Interactive Media & Services,2026-10-02
GOOG,Alphabet Inc. (Class C),Communication Services,Interactive Media & Services,2026-10-02
MO,Altria,Consumer Staples,Tobacco,2026-10-02
AMZN,Amazon,Consumer Discretionary,Broadline Retail,2026-10-02
AMCR,Amcor,Materials,Paper & Plastic Packaging Products & Materials,2026-10-02
AEE,Ameren,Utilities,Multi-Utilities,2026-10-02
AEP,American Electric Power,Utilities,Electric Utilities,2026-10-02
AXP,American Express,Financials,Consumer Finance,2026-10-02
AIG,American International Group,Financials,Multi-line Insurance,2026-10-02
AMT,American Tower,Real Estate,Telecom Tower REITs,2026-10-02
AWK,American Water Works,Utilities,Water Utilities,2026-10-02
AMP,Ameriprise Financial,Financials,Asset Management & Custody Banks,2026-10-02
AME,Ametek,Industrials,Electrical Components & Equipment,2026-10-02
AMGN,Amgen,Health Care,Biotechnology,2026-10-02
APH,Amphenol,Information Technology,Electronic Components,2026-10-02
ADI,Analog Devices,Information Technology,Semiconductors,2026-10-02
AON,Aon plc,Financials,Insurance Brokers,2026-10-02
APA,APA Corporation,Energy,Oil & Gas Exploration & Production,2026-10-02
APO,Apollo Global Management,Financials,Asset Management & Custody Banks,2026-10-02
AAPL,Apple Inc.,Information Technology,"Technology Hardware, Storage & Peripherals",2026-10-02
AMAT,Applied Materials,Information Technology,Semiconductor Materials & Equipment,2026-10-02
APP,AppLovin,Communication Services,Advertising,2026-10-02
APTV,Aptiv,Consumer Discretionary,Automotive Parts & Equipment,2026-10-02
ACGL,Arch Capital Group,Financials,Property & Casualty Insurance,2026-10-02
ADM,Archer Daniels Midland,Consumer Staples,Agricultural Products & Services,2026-10-02
ARES,Ares Management,Financials,Asset Management & Custody Banks,2026-10-02
ANET,Arista Networks,Information Technology,Communications Equipment,2026-10-02
AJG,Arthur J. Gallagher & Co.,Financials,Insurance Brokers,2026-10-02
AIZ,Assurant,Financials,Multi-line Insurance,2026-10-02
T,AT&T,Communication Services,Integrated Telecommunication Services,2026-10-02
ATO,Atmos Energy,Utilities,Gas Utilities,2026-10-02
ADSK,Autodesk,Information Technology,Application Software,2026-10-02
ADP,Automatic Data Processing,Industrials,Human Resource & Employment Services,2026-10-02
AZO,AutoZone,Consumer Discretionary,Automotive Retail,2026-10-02
AVY,Avery Dennison,Materials,Paper & Plastic Packaging Products & Materials,2026-10-02
AXON,Axon Enterprise,Industrials,Aerospace & Defense,2026-10-02
BKR,Baker Hughes,Energy,Oil & Gas Equipment & Services,2026-10-02
BALL,Ball Corporation,Materials,"Metal, Glass & Plastic Containers",2026-10-02
BAC,Bank of America,Financials,Diversified Banks,2026-10-02
BAX,Baxter International,Health Care,Health Care Equipment,2026-10-02
BDX,Becton Dickinson,Health Care,Health Care Equipment,2026-10-02
BRK.B,Berkshire Hathaway,Financials,Multi-Sector Holdings,2026-10-02
BBY,Best Buy,Consumer Discretionary,Computer & Electronics Retail,2026-10-02
TECH,Bio-Techne,Health Care,Life Sciences Tools & Services,2026-10-02
BIIB,Biogen,Health Care,Biotechnology,2026-10-02
BLK,BlackRock,Financials,Asset Management & Custody Banks,2026-10-02
BX,Blackstone Inc.,Financials,Asset Management & Custody Banks,2026-10-02
XYZ,"Block, Inc.",Financials,Transaction & Payment Processing Services,2026-10-02
BE,Bloom Energy,Industrials,Electrical Components & Equipment,2026-10-02
BNY,BNY Mellon,Financials,Asset Management & Custody Banks,2026-10-02
BA,Boeing,Industrials,Aerospace & Defense,2026-10-02
BKNG,Booking Holdings,Consumer Discretionary,"Hotels, Resorts & Cruise Lines",2026-10-02
BSX,Boston Scientific,Health Care,Health Care Equipment,2026-10-02
BMY,Bristol Myers Squibb,Health Care,Pharmaceuticals,2026-10-02
AVGO,Broadcom,Information Technology,Semiconductors,2026-10-02
BR,Broadridge Financial Solutions,Industrials,Data Processing & Outsourced Services,2026-10-02
BRO,Brown & Brown,Financials,Insurance Brokers,2026-10-02
BF.B,Brown–Forman,Consumer Staples,Distillers & Vintners,2026-10-02
BG,Bunge Global,Consumer Staples,Agricultural Products & Services,2026-10-02
BXP,"BXP, Inc.",Real Estate,Office REITs,2026-10-02
CHRW,C.H. Robinson,Industrials,Air Freight & Logistics,2026-10-02
CDNS,Cadence Design Systems,Information Technology,Application Software,2026-10-02
CPT,Camden Property Trust,Real Estate,Multi-Family Residential REITs,2026-10-02
COF,Capital One,Financials,Consumer Finance,2026-10-02
CAH,Cardinal Health,Health Care,Health Care Distributors,2026-10-02
CCL,Carnival Corporation,Consumer Discretionary,"Hotels, Resorts & Cruise Lines",2026-10-02
CARR,Carrier Global,Industrials,Building Products,2026-10-02
CVNA,Carvana,Consumer Discretionary,Automotive Retail,2026-10-02
CASY,Casey's,Consumer Staples,Food Retail,2026-10-02
CAT,Caterpillar Inc.,Industrials,Construction Machinery & Heavy Transportation Equipment,2026-10-02
CBOE,Cboe Global Markets,Financials,Financial Exchanges & Data,2026-10-02
CBRE,CBRE Group,Real Estate,Real Estate Services,2026-10-02
CDW,CDW Corporation,Information Technology,Technology Distributors,2026-10-02
COR,Cencora,Health Care,Health Care Distributors,2026-10-02
CNC,Centene Corporation,Health Care,Managed Health Care,2026-10-02
CNP,CenterPoint Energy,Utilities,Multi-Utilities,2026-10-02
CF,CF Industries,Materials,Fertilizers & Agricultural Chemicals,2026-10-02
CRL,Charles River Laboratories,Health Care,Life Sciences Tools & Services,2026-10-02
SCHW,Charles Schwab Corporation,Financials,Investment Banking & Brokerage,2026-10-02
CHTR,Charter Communications,Communication Services,Cable & Satellite,2026-10-02
CVX,Chevron Corporation,Energy,Integrated Oil & Gas,2026-10-02
CMG,Chipotle Mexican Grill,Consumer Discretionary,Restaurants,2026-10-02
CB,Chubb Limited,Financials,Property & Casualty Insurance,2026-10-02
CHD,Church & Dwight,Consumer Staples,Household Products,2026-10-02
CIEN,Ciena,Information Technology,Communications Equipment,2026-10-02
CI,Cigna,Health Care,Health Care Services,2026-10-02
CINF,Cincinnati Financial,Financials,Property & Casualty Insurance,2026-10-02
CTAS,Cintas,Industrials,Diversified Support Services,2026-10-02
CSCO,Cisco,Information Technology,Communications Equipment,2026-10-02
C,Citigroup,Financials,Diversified Banks,2026-10-02
CFG,Citizens Financial Group,Financials,Regional Banks,2026-10-02
CLX,Clorox,Consumer Staples,Household Products,2026-10-02
CME,CME Group,Financials,Financial Exchanges & Data,2026-10-02
CMS,CMS Energy,Utilities,Multi-Utilities,2026-10-02
KO,Coca-Cola Company (The),Consumer Staples,Soft Drinks & Non-alcoholic Beverages,2026-10-02
CTSH,Cognizant,Information Technology,IT Consulting & Other Services,2026-10-02
COHR,Coherent Corp.,Information Technology,Electronic Components,2026-10-02
COIN,Coinbase,Financials,Financial Exchanges & Data,2026-10-02
CL,Colgate-Palmolive,Consumer Staples,Household Products,2026-10-02
CMCSA,Comcast,Communication Services,Cable & Satellite,2026-10-02
FIX,Comfort Systems USA,Industrials,Construction & Engineering,2026-10-02
COP,ConocoPhillips,Energy,Oil & Gas Exploration & Production,2026-10-02
ED,Consolidated Edison,Utilities,Multi-Utilities,2026-10-02
STZ,Constellation Brands,Consumer Staples,Distillers & Vintners,2026-10-02
CEG,Constellation Energy,Utilities,Electric Utilities,2026-10-02
COO,Cooper Companies (The),Health Care,Health Care Supplies,2026-10-02
CPRT,Copart,Industrials,Diversified Support Services,2026-10-02
GLW,Corning Inc.,Information Technology,Electronic Components,2026-10-02
CPAY,Corpay,Financials,Transaction & Payment Processing Services,2026-10-02
CTVA,Corteva,Materials,Fertilizers & Agricultural Chemicals,2026-10-02
CSGP,CoStar Group,Real Estate,Real Estate Services,2026-10-02
COST,Costco,Consumer Staples,Consumer Staples Merchandise Retail,2026-10-02
CRH,CRH plc,Materials,Construction Materials,2026-10-02
CRWD,CrowdStrike,Information Technology,Systems Software,2026-10-02
CCI,Crown Castle,Real Estate,Telecom Tower REITs,2026-10-02
CSX,CSX Corporation,Industrials,Rail Transportation,2026-10-02
CMI,Cummins,Industrials,Construction Machinery & Heavy Transportation Equipment,2026-10-02
CVS,CVS Health,Health Care,Health Care Services,2026-10-02
DHR,Danaher Corporation,Health Care,Life Sciences Tools & Services,2026-10-02
DRI,Darden Restaurants,Consumer Discretionary,Restaurants,2026-10-02
DDOG,Datadog,Information Technology,Application Software,2026-10-02
DVA,DaVita,Health Care,Health Care Services,2026-10-02
DECK,Deckers Brands,Consumer Discretionary,Footwear,2026-10-02
DE,Deere & Company,Industrials,Agricultural & Farm Machinery,2026-10-02
DELL,Dell Technologies,Information Technology,"Technology Hardware, Storage & Peripherals",2026-10-02
DAL,Delta Air Lines,Industrials,Passenger Airlines,2026-10-02
DVN,Devon Energy,Energy,Oil & Gas Exploration & Production,2026-10-02
DXCM,Dexcom,Health Care,Health Care Equipment,2026-10-02
FANG,Diamondback Energy,Energy,Oil & Gas Exploration & Production,2026-10-02
DLR,Digital Realty,Real Estate,Data Center REITs,2026-10-02
DG,Dollar General,Consumer Staples,Consumer Staples Merchandise Retail,2026-10-02
DLTR,Dollar Tree,Consumer Staples,Consumer Staples Merchandise Retail,2026-10-02
D,Dominion Energy,Utilities,Multi-Utilities,2026-10-02
DPZ,Domino's,Consumer Discretionary,Restaurants,2026-10-02
DASH,DoorDash,Consumer Discretionary,Specialized Consumer Services,2026-10-02
DOV,Dover Corporation,Industrials,Industrial Machinery & Supplies & Components,2026-10-02
DOW,Dow Inc.,Materials,Commodity Chemicals,2026-10-02
DHI,D. R. Horton,Consumer Discretionary,Homebuilding,2026-10-02
DTE,DTE Energy,Utilities,Multi-Utilities,2026-10-02
DUK,Duke Energy,Utilities,Electric Utilities,2026-10-02
DD,DuPont,Industrials,Industrial Conglomerates,2026-10-02
ETN,Eaton Corporation,Industrials,Electrical Components & Equipment,2026-10-02
EBAY,eBay Inc.,Consumer Discretionary,Broadline Retail,2026-10-02
ECHO,EchoStar,Communication Services,Wireless Telecommunication Services,2026-10-02
ECL,Ecolab,Materials,Specialty Chemicals,2026-10-02
EIX,Edison International,Utilities,Electric Utilities,2026-10-02
EW,Edwards Lifesciences,Health Care,Health Care Equipment,2026-10-02
ELV,Elevance Health,Health Care,Managed Health Care,2026-10-02
EME,Emcor,Industrials,Construction & Engineering,2026-10-02
EMR,Emerson Electric,Industrials,Electrical Components & Equipment,2026-10-02
ETR,Entergy,Utilities,Electric Utilities,2026-10-02
EOG,EOG Resources,Energy,Oil & Gas Exploration & Production,2026-10-02
EQT,EQT Corporation,Energy,Oil & Gas Exploration & Production,2026-10-02
EFX,Equifax,Industrials,Research & Consulting Services,2026-10-02
EQIX,Equinix,Real Estate,Data Center REITs,2026-10-02
ERIE,Erie Indemnity,Financials,Insurance Brokers,2026-10-02
ESS,Essex Property Trust,Real Estate,Multi-Family Residential REITs,2026-10-02
EL,Estée Lauder Companies (The),Consumer Staples,Personal Care Products,2026-10-02
EG,Everest Group,Financials,Reinsurance,2026-10-02
EVRG,Evergy,Utilities,Electric Utilities,2026-10-02
P,Everpure,Information Technology,"Technology Hardware, Storage & Peripherals",2026-10-02
ES,Eversource Energy,Utilities,Electric Utilities,2026-10-02
EXC,Exelon,Utilities,Electric Utilities,2026-10-02
EXE,Expand Energy,Energy,Oil & Gas Exploration & Production,2026-10-02
EXPE,Expedia Group,Consumer Discretionary,"Hotels, Resorts & Cruise Lines",2026-10-02
EXPD,Expeditors International,Industrials,Air Freight & Logistics,2026-10-02
EXR,Extra Space Storage,Real Estate,Self-Storage REITs,2026-10-02
XOM,ExxonMobil,Energy,Integrated Oil & Gas,2026-10-02
FFIV,"F5, Inc.",Information Technology,Communications Equipment,2026-10-02
FDS,FactSet,Financials,Financial Exchanges & Data,2026-10-02
FICO,Fair Isaac,Information Technology,Application Software,2026-10-02
FAST,Fastenal,Industrials,Trading Companies & Distributors,2026-10-02
FRT,Federal Realty Investment Trust,Real Estate,Retail REITs,2026-10-02
FDX,FedEx,Industrials,Air Freight & Logistics,2026-10-02
FDXF,FedEx Freight,Industrials,Cargo Ground Transportation,2026-10-02
FERG,Ferguson Enterprises,Industrials,Trading Companies & Distributors,2026-10-02
FIS,Fidelity National Information Services,Financials,Transaction & Payment Processing Services,2026-10-02
FITB,Fifth Third Bancorp,Financials,Regional Banks,2026-10-02
FSLR,First Solar,Information Technology,Semiconductors,2026-10-02
FE,FirstEnergy,Utilities,Electric Utilities,2026-10-02
FISV,Fiserv,Financials,Transaction & Payment Processing Services,2026-10-02
FLEX,Flex Ltd.,Information Technology,Electronic Manufacturing Services,2026-10-02
F,Ford Motor Company,Consumer Discretionary,Automobile Manufacturers,2026-10-02
FTNT,Fortinet,Information Technology,Systems Software,2026-10-02
FTV,Fortive,Industrials,Industrial Machinery & Supplies & Components,2026-10-02
FOXA,Fox Corporation (Class A),Communication Services,Broadcasting,2026-10-02
FOX,Fox Corporation (Class B),Communication Services,Broadcasting,2026-10-02
BEN,Franklin Resources,Financials,Asset Management & Custody Banks,2026-10-02
FCX,Freeport-McMoRan,Materials,Copper,2026-10-02
GRMN,Garmin,Consumer Discretionary,Consumer Electronics,2026-10-02
IT,Gartner,Information Technology,IT Consulting & Other Services,2026-10-02
GE,GE Aerospace,Industrials,Aerospace & Defense,2026-10-02
GEHC,GE HealthCare,Health Care,Health Care Equipment,2026-10-02
GEV,GE Vernova,Industrials,Heavy Electrical Equipment,2026-10-02
GEN,Gen Digital,Information Technology,Systems Software,2026-10-02
GNRC,Generac,Industrials,Heavy Electrical Equipment,2026-10-02
GD,General Dynamics,Industrials,Aerospace & Defense,2026-10-02
GIS,General Mills,Consumer Staples,Packaged Foods & Meats,2026-10-02
GM,General Motors,Consumer Discretionary,Automobile Manufacturers,2026-10-02
GPC,Genuine Parts Company,Consumer Discretionary,Distributors,2026-10-02
GILD,Gilead Sciences,Health Care,Biotechnology,2026-10-02
GPN,Global Payments,Financials,Transaction & Payment Processing Services,2026-10-02
GL,Globe Life,Financials,Life & Health Insurance,2026-10-02
GDDY,GoDaddy,Information Technology,Internet Services & Infrastructure,2026-10-02
GS,Goldman Sachs,Financials,Investment Banking & Brokerage,2026-10-02
HAL,Halliburton,Energy,Oil & Gas Equipment & Services,2026-10-02
HIG,Hartford (The),Financials,Property & Casualty Insurance,2026-10-02
HAS,Hasbro,Consumer Discretionary,Leisure Products,2026-10-02
HCA,HCA Healthcare,Health Care,Health Care Facilities,2026-10-02
DOC,Healthpeak Properties,Real Estate,Health Care REITs,2026-10-02
HSIC,Henry Schein,Health Care,Health Care Distributors,2026-10-02
HSY,Hershey Company (The),Consumer Staples,Packaged Foods & Meats,2026-10-02
HPE,Hewlett Packard Enterprise,Information Technology,"Technology Hardware, Storage & Peripherals",2026-10-02
HLT,Hilton Worldwide,Consumer Discretionary,"Hotels, Resorts & Cruise Lines",2026-10-02
HD,Home Depot (The),Consumer Discretionary,Home Improvement Retail,2026-10-02
HONA,Honeywell Aerospace,Industrials,Aerospace & Defense,2026-10-02
HON,Honeywell Technologies,Industrials,Industrial Conglomerates,2026-10-02
HRL,Hormel Foods,Consumer Staples,Packaged Foods & Meats,2026-10-02
HST,Host Hotels & Resorts,Real Estate,Hotel & Resort REITs,2026-10-02
HWM,Howmet Aerospace,Industrials,Aerospace & Defense,2026-10-02
HPQ,HP Inc.,Information Technology,"Technology Hardware, Storage & Peripherals",2026-10-02
HUBB,Hubbell Incorporated,Industrials,Industrial Machinery & Supplies & Components,2026-10-02
HUM,Humana,Health Care,Managed Health Care,2026-10-02
HBAN,Huntington Bancshares,Financials,Regional Banks,2026-10-02
HII,Huntington Ingalls Industries,Industrials,Aerospace & Defense,2026-10-02
IBM,IBM,Information Technology,IT Consulting & Other Services,2026-10-02
IEX,IDEX Corporation,Industrials,Industrial Machinery & Supplies & Components,2026-10-02
IDXX,Idexx Laboratories,Health Care,Health Care Equipment,2026-10-02
ITW,Illinois Tool Works,Industrials,Industrial Machinery & Supplies & Components,2026-10-02
ILMN,"Illumina, Inc.",Health Care,Life Sciences Tools & Services,2026-10-02
INCY,Incyte,Health Care,Biotechnology,2026-10-02
IR,Ingersoll Rand,Industrials,Industrial Machinery & Supplies & Components,2026-10-02
PODD,Insulet Corporation,Health Care,Health Care Equipment,2026-10-02
INTC,Intel,Information Technology,Semiconductors,2026-10-02
IBKR,Interactive Brokers,Financials,Investment Banking & Brokerage,2026-10-02
ICE,Intercontinental Exchange,Financials,Financial Exchanges & Data,2026-10-02
IFF,International Flavors & Fragrances,Materials,Specialty Chemicals,2026-10-02
IP,International Paper,Materials,Paper & Plastic Packaging Products & Materials,2026-10-02
INTU,Intuit,Information Technology,Application Software,2026-10-02
ISRG,Intuitive Surgical,Health Care,Health Care Equipment,2026-10-02
IVZ,Invesco,Financials,Asset Management & Custody Banks,2026-10-02
INVH,Invitation Homes,Real Estate,Single-Family Residential REITs,2026-10-02
IQV,IQVIA,Health Care,Life Sciences Tools & Services,2026-10-02
IRM,Iron Mountain,Real Estate,Other Specialized REITs,2026-10-02
JBHT,J.B. Hunt,Industrials,Cargo Ground Transportation,2026-10-02
JBL,Jabil,Information Technology,Electronic Manufacturing Services,2026-10-02
JKHY,Jack Henry & Associates,Financials,Transaction & Payment Processing Services,2026-10-02
J,Jacobs Solutions,Industrials,Construction & Engineering,2026-10-02
JNJ,Johnson & Johnson,Health Care,Pharmaceuticals,2026-10-02
JCI,Johnson Controls,Industrials,Building Products,2026-10-02
JPM,JPMorgan Chase,Financials,Diversified Banks,2026-10-02
KVUE,Kenvue,Consumer Staples,Personal Care Products,2026-10-02
KDP,Keurig Dr Pepper,Consumer Staples,Soft Drinks & Non-alcoholic Beverages,2026-10-02
KEY,KeyCorp,Financials,Regional Banks,2026-10-02
KEYS,Keysight Technologies,Information Technology,Electronic Equipment & Instruments,2026-10-02
KMB,Kimberly-Clark,Consumer Staples,Household Products,2026-10-02
KIM,Kimco Realty,Real Estate,Retail REITs,2026-10-02
KMI,Kinder Morgan,Energy,Oil & Gas Storage & Transportation,2026-10-02
KKR,KKR & Co.,Financials,Asset Management & Custody Banks,2026-10-02
KLAC,KLA Corporation,Information Technology,Semiconductor Materials & Equipment,2026-10-02
KHC,Kraft Heinz,Consumer Staples,Packaged Foods & Meats,2026-10-02
KR,Kroger,Consumer Staples,Food Retail,2026-10-02
LHX,L3Harris,Industrials,Aerospace & Defense,2026-10-02
LH,Labcorp,Health Care,Health Care Services,2026-10-02
LRCX,Lam Research,Information Technology,Semiconductor Materials & Equipment,2026-10-02
LVS,Las Vegas Sands,Consumer Discretionary,Casinos & Gaming,2026-10-02
LDOS,Leidos,Industrials,Diversified Support Services,2026-10-02
LEN,Lennar,Consumer Discretionary,Homebuilding,2026-10-02
LII,Lennox International,Industrials,Building Products,2026-10-02
LLY,Lilly (Eli),Health Care,Pharmaceuticals,2026-10-02
LIN,Linde plc,Materials,Industrial Gases,2026-10-02
LYV,Live Nation Entertainment,Communication Services,Movies & Entertainment,2026-10-02
LMT,Lockheed Martin,Industrials,Aerospace & Defense,2026-10-02
L,Loews Corporation,Financials,Multi-line Insurance,2026-10-02
LOW,Lowe's,Consumer Discretionary,Home Improvement Retail,2026-10-02
LULU,Lululemon Athletica,Consumer Discretionary,"Apparel, Accessories & Luxury Goods",2026-10-02
LITE,Lumentum,Information Technology,Communications Equipment,2026-10-02
LYB,LyondellBasell,Materials,Specialty Chemicals,2026-10-02
MTB,M&T Bank,Financials,Regional Banks,2026-10-02
MPC,Marathon Petroleum,Energy,Oil & Gas Refining & Marketing,2026-10-02
MAR,Marriott International,Consumer Discretionary,"Hotels, Resorts & Cruise Lines",2026-10-02
MRSH,Marsh McLennan,Financials,Insurance Brokers,2026-10-02
MLM,Martin Marietta Materials,Materials,Construction Materials,2026-10-02
MRVL,Marvell Technology,Information Technology,Semiconductors,2026-10-02
MAS,Masco,Industrials,Building Products,2026-10-02
MA,Mastercard,Financials,Transaction & Payment Processing Services,2026-10-02
MKC,McCormick & Company,Consumer Staples,Packaged Foods & Meats,2026-10-02
MCD,McDonald's,Consumer Discretionary,Restaurants,2026-10-02
MCK,McKesson Corporation,Health Care,Health Care Distributors,2026-10-02
MDT,Medtronic,Health Care,Health Care Equipment,2026-10-02
MRK,Merck & Co.,Health Care,Pharmaceuticals,2026-10-02
META,Meta Platforms,Communication Services,Interactive Media & Services,2026-10-02
MET,MetLife,Financials,Life & Health Insurance,2026-10-02
MTD,Mettler Toledo,Health Care,Life Sciences Tools & Services,2026-10-02
MGM,MGM Resorts,Consumer Discretionary,Casinos & Gaming,2026-10-02
MCHP,Microchip Technology,Information Technology,Semiconductors,2026-10-02
MU,Micron Technology,Information Technology,Semiconductors,2026-10-02
MSFT,Microsoft,Information Technology,Systems Software,2026-10-02
MAA,Mid-America Apartment Communities,Real Estate,Multi-Family Residential REITs,2026-10-02
MRNA,Moderna,Health Care,Biotechnology,2026-10-02
MDLZ,Mondelez International,Consumer Staples,Packaged Foods & Meats,2026-10-02
MPWR,Monolithic Power Systems,Information Technology,Semiconductors,2026-10-02
MNST,Monster Beverage,Consumer Staples,Soft Drinks & Non-alcoholic Beverages,2026-10-02
MCO,Moody's Corporation,Financials,Financial Exchanges & Data,2026-10-02
MS,Morgan Stanley,Financials,Investment Banking & Brokerage,2026-10-02
MOS,Mosaic Company (The),Materials,Fertilizers & Agricultural Chemicals,2026-10-02
MSI,Motorola Solutions,Information Technology,Communications Equipment,2026-10-02
MSCI,MSCI,Financials,Financial Exchanges & Data,2026-10-02
NDAQ,"Nasdaq, Inc.",Financials,Financial Exchanges & Data,2026-10-02
NTAP,NetApp,Information Technology,"Technology Hardware, Storage & Peripherals",2026-10-02
NFLX,Netflix,Communication Services,Movies & Entertainment,2026-10-02
NEM,Newmont,Materials,Gold,2026-10-02
NWSA,News Corp (Class A),Communication Services,Publishing,2026-10-02
NWS,News Corp (Class B),Communication Services,Publishing,2026-10-02
NEE,NextEra Energy,Utilities,Multi-Utilities,2026-10-02
NKE,"Nike, Inc.",Consumer Discretionary,"Apparel, Accessories & Luxury Goods",2026-10-02
NI,NiSource,Utilities,Multi-Utilities,2026-10-02
NDSN,Nordson Corporation,Industrials,Industrial Machinery & Supplies & Components,2026-10-02
NSC,Norfolk Southern,Industrials,Rail Transportation,2026-10-02
NTRS,Northern Trust,Financials,Asset Management & Custody Banks,2026-10-02
NOC,Northrop Grumman,Industrials,Aerospace & Defense,2026-10-02
NCLH,Norwegian Cruise Line Holdings,Consumer Discretionary,"Hotels, Resorts & Cruise Lines",2026-10-02
NRG,NRG Energy,Utilities,Independent Power Producers & Energy Traders,2026-10-02
NUE,Nucor,Materials,Steel,2026-10-02
NVDA,Nvidia,Information Technology,Semiconductors,2026-10-02
NVR,"NVR, Inc.",Consumer Discretionary,Homebuilding,2026-10-02
NXPI,NXP Semiconductors,Information Technology,Semiconductors,2026-10-02
ORLY,O'Reilly Automotive,Consumer Discretionary,Automotive Retail,2026-10-02
OXY,Occidental Petroleum,Energy,Oil & Gas Exploration & Production,2026-10-02
ODFL,Old Dominion,Industrials,Cargo Ground Transportation,2026-10-02
OMC,Omnicom Group,Communication Services,Advertising,2026-10-02
ON,ON Semiconductor,Information Technology,Semiconductors,2026-10-02
OKE,Oneok,Energy,Oil & Gas Storage & Transportation,2026-10-02
ORCL,Oracle Corporation,Information Technology,Application Software,2026-10-02
OTIS,Otis Worldwide,Industrials,Industrial Machinery & Supplies & Components,2026-10-02
PCAR,Paccar,Industrials,Construction Machinery & Heavy Transportation Equipment,2026-10-02
PKG,Packaging Corporation of America,Materials,Paper & Plastic Packaging Products & Materials,2026-10-02
PLTR,Palantir Technologies,Information Technology,Application Software,2026-10-02
PANW,Palo Alto Networks,Information Technology,Systems Software,2026-10-02
PSKY,Paramount Skydance Corporation,Communication Services,Movies & Entertainment,2026-10-02
PH,Parker Hannifin,Industrials,Industrial Machinery & Supplies & Components,2026-10-02
PAYX,Paychex,Industrials,Human Resource & Employment Services,2026-10-02
PYPL,PayPal,Financials,Transaction & Payment Processing Services,2026-10-02
PNR,Pentair,Industrials,Industrial Machinery & Supplies & Components,2026-10-02
PEP,PepsiCo,Consumer Staples,Soft Drinks & Non-alcoholic Beverages,2026-10-02
PFE,Pfizer,Health Care,Pharmaceuticals,2026-10-02
PCG,PG&E Corporation,Utilities,Multi-Utilities,2026-10-02
PM,Philip Morris International,Consumer Staples,Tobacco,2026-10-02
PSX,Phillips 66,Energy,Oil & Gas Refining & Marketing,2026-10-02
PNW,Pinnacle West Capital,Utilities,Multi-Utilities,2026-10-02
PNC,PNC Financial Services,Financials,Diversified Banks,2026-10-02
PPG,PPG Industries,Materials,Specialty Chemicals,2026-10-02
PPL,PPL Corporation,Utilities,Electric Utilities,2026-10-02
PFG,Principal Financial Group,Financials,Life & Health Insurance,2026-10-02
PG,Procter & Gamble,Consumer Staples,Personal Care Products,2026-10-02
PGR,Progressive Corporation,Financials,Property & Casualty Insurance,2026-10-02
PLD,Prologis,Real Estate,Industrial REITs,2026-10-02
PRU,Prudential Financial,Financials,Life & Health Insurance,2026-10-02
PEG,Public Service Enterprise Group,Utilities,Electric Utilities,2026-10-02
PTC,PTC Inc.,Information Technology,Application Software,2026-10-02
PSA,Public Storage,Real Estate,Self-Storage REITs,2026-10-02
PHM,PulteGroup,Consumer Discretionary,Homebuilding,2026-10-02
PWR,Quanta Services,Industrials,Construction & Engineering,2026-10-02
QCOM,Qualcomm,Information Technology,Semiconductors,2026-10-02
DGX,Quest Diagnostics,Health Care,Health Care Services,2026-10-02
Q,Qnity Electronics,Information Technology,Semiconductor Materials & Equipment,2026-10-02
RL,Ralph Lauren Corporation,Consumer Discretionary,"Apparel, Accessories & Luxury Goods",2026-10-02
RJF,Raymond James Financial,Financials,Investment Banking & Brokerage,2026-10-02
RDDT,Reddit,Communication Services,Interactive Media & Services,2026-10-02
RTX,RTX Corporation,Industrials,Aerospace & Defense,2026-10-02
O,Realty Income,Real Estate,Retail REITs,2026-10-02
REG,Regency Centers,Real Estate,Retail REITs,2026-10-02
REGN,Regeneron Pharmaceuticals,Health Care,Biotechnology,2026-10-02
RF,Regions Financial Corporation,Financials,Regional Banks,2026-10-02
RSG,Republic Services,Industrials,Environmental & Facilities Services,2026-10-02
RMD,ResMed|,Health Care,Health Care Equipment,2026-10-02
RVTY,Revvity,Health Care,Health Care Equipment,2026-10-02
HOOD,Robinhood Markets,Financials,Investment Banking & Brokerage,2026-10-02
ROK,Rockwell Automation,Industrials,Electrical Components & Equipment,2026-10-02
ROL,"Rollins, Inc.",Industrials,Environmental & Facilities Services,2026-10-02
ROP,Roper Technologies,Information Technology,Electronic Equipment & Instruments,2026-10-02
ROST,Ross Stores,Consumer Discretionary,Apparel Retail,2026-10-02
RCL,Royal Caribbean Group,Consumer Discretionary,"Hotels, Resorts & Cruise Lines",2026-10-02
SPGI,S&P Global,Financials,Financial Exchanges & Data,2026-10-02
CRM,Salesforce,Information Technology,Application Software,2026-10-02
SNDK,Sandisk,Information Technology,"Technology Hardware, Storage & Peripherals",2026-10-02
SBAC,SBA Communications,Real Estate,Telecom Tower REITs,2026-10-02
SLB,Schlumberger,Energy,Oil & Gas Equipment & Services,2026-10-02
STX,Seagate Technology,Information Technology,"Technology Hardware, Storage & Peripherals",2026-10-02
SRE,Sempra,Utilities,Multi-Utilities,2026-10-02
NOW,ServiceNow,Information Technology,Systems Software,2026-10-02
SHW,Sherwin-Williams,Materials,Specialty Chemicals,2026-10-02
SPG,Simon Property Group,Real Estate,Retail REITs,2026-10-02
SWKS,Skyworks Solutions,Information Technology,Semiconductors,2026-10-02
SJM,J.M. Smucker Company (The),Consumer Staples,Packaged Foods & Meats,2026-10-02
SW,Smurfit Westrock,Materials,Paper & Plastic Packaging Products & Materials,2026-10-02
SNA,Snap-on,Industrials,Industrial Machinery & Supplies & Components,2026-10-02
SOLV,Solventum,Health Care,Health Care Technology,2026-10-02
SO,Southern Company,Utilities,Electric Utilities,2026-10-02
LUV,Southwest Airlines,Industrials,Passenger Airlines,2026-10-02
SWK,Stanley Black & Decker,Industrials,Industrial Machinery & Supplies & Components,2026-10-02
SBUX,Starbucks,Consumer Discretionary,Restaurants,2026-10-02
STT,State Street Corporation,Financials,Asset Management & Custody Banks,2026-10-02
STLD,Steel Dynamics,Materials,Steel,2026-10-02
STE,Steris,Health Care,Health Care Equipment,2026-10-02
SYK,Stryker Corporation,Health Care,Health Care Equipment,2026-10-02
SMCI,Supermicro,Information Technology,"Technology Hardware, Storage & Peripherals",2026-10-02
SYF,Synchrony Financial,Financials,Consumer Finance,2026-10-02
SNPS,Synopsys,Information Technology,Application Software,2026-10-02
SYY,Sysco,Consumer Staples,Food Distributors,2026-10-02
TMUS,T-Mobile US,Communication Services,Wireless Telecommunication Services,2026-10-02
TROW,T. Rowe Price,Financials,Asset Management & Custody Banks,2026-10-02
TTWO,Take-Two Interactive,Communication Services,Interactive Home Entertainment,2026-10-02
TPR,"Tapestry, Inc.",Consumer Discretionary,"Apparel, Accessories & Luxury Goods",2026-10-02
TRGP,Targa Resources,Energy,Oil & Gas Storage & Transportation,2026-10-02
TGT,Target Corporation,Consumer Staples,Consumer Staples Merchandise Retail,2026-10-02
TEL,TE Connectivity,Information Technology,Electronic Manufacturing Services,2026-10-02
TDY,Teledyne Technologies,Information Technology,Electronic Equipment & Instruments,2026-10-02
TER,Teradyne,Information Technology,Semiconductor Materials & Equipment,2026-10-02
TSLA,"Tesla, Inc.",Consumer Discretionary,Automobile Manufacturers,2026-10-02
TXN,Texas Instruments,Information Technology,Semiconductors,2026-10-02
TPL,Texas Pacific Land Corporation,Energy,Oil & Gas Exploration & Production,2026-10-02
TXT,Textron,Industrials,Aerospace & Defense,2026-10-02
TMO,Thermo Fisher Scientific,Health Care,Life Sciences Tools & Services,2026-10-02
TJX,TJX Companies,Consumer Discretionary,Apparel Retail,2026-10-02
TKO,TKO Group Holdings,Communication Services,Movies & Entertainment,2026-10-02
TSCO,Tractor Supply,Consumer Discretionary,Other Specialty Retail,2026-10-02
TT,Trane Technologies,Industrials,Building Products,2026-10-02
TDG,TransDigm Group,Industrials,Aerospace & Defense,2026-10-02
TRV,Travelers Companies (The),Financials,Property & Casualty Insurance,2026-10-02
TRMB,Trimble Inc.,Information Technology,Application Software,2026-10-02
TFC,Truist Financial,Financials,Diversified Banks,2026-10-02
TYL,Tyler Technologies,Information Technology,Application Software,2026-10-02
TSN,Tyson Foods,Consumer Staples,Packaged Foods & Meats,2026-10-02
USB,U.S. Bancorp,Financials,Diversified Banks,2026-10-02
UBER,Uber,Industrials,Passenger Ground Transportation,2026-10-02
UDR,"UDR, Inc.",Real Estate,Multi-Family Residential REITs,2026-10-02
ULTA,Ulta Beauty,Consumer Discretionary,Other Specialty Retail,2026-10-02
UNP,Union Pacific Corporation,Industrials,Rail Transportation,2026-10-02
UAL,United Airlines Holdings,Industrials,Passenger Airlines,2026-10-02
UPS,United Parcel Service,Industrials,Air Freight & Logistics,2026-10-02
URI,United Rentals,Industrials,Trading Companies & Distributors,2026-10-02
UNH,UnitedHealth Group,Health Care,Managed Health Care,2026-10-02
UHS,Universal Health Services,Health Care,Health Care Facilities,2026-10-02
VLO,Valero Energy,Energy,Oil & Gas Refining & Marketing,2026-10-02
VEEV,Veeva Systems,Health Care,Health Care Technology,2026-10-02
VTR,Ventas,Real Estate,Health Care REITs,2026-10-02
VLTO,Veralto,Industrials,Environmental & Facilities Services,2026-10-02
VRSN,Verisign,Information Technology,Internet Services & Infrastructure,2026-10-02
VRSK,Verisk Analytics,Industrials,Research & Consulting Services,2026-10-02
VZ,Verizon,Communication Services,Integrated Telecommunication Services,2026-10-02
VRTX,Vertex Pharmaceuticals,Health Care,Biotechnology,2026-10-02
VRT,Vertiv,Industrials,Electrical Components & Equipment,2026-10-02
VTRS,Viatris,Health Care,Pharmaceuticals,2026-10-02
VICI,Vici Properties,Real Estate,Hotel & Resort REITs,2026-10-02
V,Visa Inc.,Financials,Transaction & Payment Processing Services,2026-10-02
VST,Vistra Corp.,Utilities,Electric Utilities,2026-10-02
VMRK,Vivmark Residential,Real Estate,Multi-Family Residential REITs,2026-10-02
VMC,Vulcan Materials Company,Materials,Construction Materials,2026-10-02
WRB,W. R. Berkley Corporation,Financials,Property & Casualty Insurance,2026-10-02
GWW,W. W. Grainger,Industrials,Industrial Machinery & Supplies & Components,2026-10-02
WAB,Wabtec,Industrials,Construction Machinery & Heavy Transportation Equipment,2026-10-02
WMT,Walmart,Consumer Staples,Consumer Staples Merchandise Retail,2026-10-02
DIS,Walt Disney Company (The),Communication Services,Movies & Entertainment,2026-10-02
WBD,Warner Bros. Discovery,Communication Services,Broadcasting,2026-10-02
WM,Waste Management,Industrials,Environmental & Facilities Services,2026-10-02
WAT,Waters Corporation,Health Care,Life Sciences Tools & Services,2026-10-02
WEC,WEC Energy Group,Utilities,Electric Utilities,2026-10-02
WFC,Wells Fargo,Financials,Diversified Banks,2026-10-02
WELL,Welltower,Real Estate,Health Care REITs,2026-10-02
WST,West Pharmaceutical Services,Health Care,Health Care Supplies,2026-10-02
WDC,Western Digital,Information Technology,"Technology Hardware, Storage & Peripherals",2026-10-02
WY,Weyerhaeuser,Real Estate,Timber REITs,2026-10-02
WSM,"Williams-Sonoma, Inc.",Consumer Discretionary,Homefurnishing Retail,2026-10-02
WMB,Williams Companies,Energy,Oil & Gas Storage & Transportation,2026-10-02
WTW,Willis Towers Watson,Financials,Insurance Brokers,2026-10-02
WDAY,"Workday, Inc.",Information Technology,Application Software,2026-10-02
WYNN,Wynn Resorts,Consumer Discretionary,Casinos & Gaming,2026-10-02
XEL,Xcel Energy,Utilities,Multi-Utilities,2026-10-02
XYL,Xylem Inc.,Industrials,Industrial Machinery & Supplies & Components,2026-10-02
YUM,Yum! Brands,Consumer Discretionary,Restaurants,2026-10-02
ZBRA,Zebra Technologies,Information Technology,Electronic Equipment & Instruments,2026-10-02
ZBH,Zimmer Biomet,Health Care,Health Care Equipment,2026-10-02
ZTS,Zoetis,Health Care,Pharmaceuticals,2026-10-02
